INSERT INTO "Khach_hang" (id, "Ho_va_ten", "Gioi_tinh", "Ngay_sinh", "CCCD", "Dia_chi", "SDT", "Email", "Ngay_cap_nhat") VALUES
('KH001', 'Nguyễn Văn Anh', 'NAM', '1995-01-15', '123456789000', '123 Tràng Tiền, Hoàn Kiếm, Hà Nội', '0912345600', 'kh001@example.com', '2025-06-10'),
('KH002', 'Trần Thị Bích', 'NU', '1996-02-20', '123456789001', '24 Nguyễn Huệ, Quận 1, TP.HCM', '0912345601', 'kh002@example.com', '2025-06-10'),
('KH003', 'Lê Văn Cường', 'NAM', '1997-03-10', '123456789002', '56 Bạch Đằng, Hải Châu, Đà Nẵng', '0912345602', 'kh003@example.com', '2025-06-10'),
('KH004', 'Phạm Thị Diễm', 'NU', '1998-04-05', '123456789003', '89 Lạch Tray, Ngô Quyền, Hải Phòng', '0912345603', 'kh004@example.com', '2025-06-10'),
('KH005', 'Ngô Văn Dũng', 'NAM', '1999-05-25', '123456789004', '45 Lê Lợi, TP Huế, Thừa Thiên Huế', '0912345604', 'kh005@example.com', '2025-06-10'),
('KH006', 'Đặng Thị Phương', 'NU', '2000-06-15', '123456789005', '102 Đại lộ Bình Dương, TP Thủ Dầu Một, Bình Dương', '0912345605', 'kh006@example.com', '2025-06-10'),
('KH007', 'Hoàng Văn Giang', 'NAM', '1995-07-10', '123456789006', '88 Phạm Văn Thuận, TP Biên Hòa, Đồng Nai', '0912345606', 'kh007@example.com', '2025-06-10'),
('KH008', 'Võ Thị Hương', 'NU', '1996-08-20', '123456789007', '54 Quang Trung, TP Vinh, Nghệ An', '0912345607', 'kh008@example.com', '2025-06-10'),
('KH009', 'Bùi Văn Hiếu', 'NAM', '1997-09-05', '123456789008', '17 Lê Lai, TP Thanh Hóa, Thanh Hóa', '0912345608', 'kh009@example.com', '2025-06-10'),
('KH010', 'Nguyễn Thị Hoa', 'NU', '1998-10-10', '123456789009', '38 Trần Phú, TP Hạ Long, Quảng Ninh', '0912345609', 'kh010@example.com', '2025-06-10'),
('KH011', 'Trần Văn Khoa', 'NAM', '1999-11-12', '123456789010', '66 Mê Linh, TP Vĩnh Yên, Vĩnh Phúc', '0912345610', 'kh011@example.com', '2025-06-10'),
('KH012', 'Lê Thị Lan', 'NU', '2000-12-01', '123456789011', '61 Trần Phú, TP Đà Lạt, Lâm Đồng', '0912345611', 'kh012@example.com', '2025-06-10'),
('KH013', 'Phạm Văn Minh', 'NAM', '1995-01-22', '123456789012', '19 Nguyễn Gia Thiều, TP Bắc Ninh', '0912345612', 'kh013@example.com', '2025-06-10'),
('KH014', 'Ngô Thị Ngọc', 'NU', '1996-02-14', '123456789013', '10 Trần Hưng Đạo, TP Nam Định', '0912345613', 'kh014@example.com', '2025-06-10'),
('KH015', 'Đặng Văn Oanh', 'NAM', '1997-03-18', '123456789014', '31 Lê Hồng Phong, TP Vũng Tàu, Bà Rịa - Vũng Tàu', '0912345614', 'kh015@example.com', '2025-06-10'),
('KH016', 'Hoàng Thị Phúc', 'NU', '1998-04-08', '123456789015', '27 Nguyễn Huệ, TP Long Xuyên, An Giang', '0912345615', 'kh016@example.com', '2025-06-10'),
('KH017', 'Võ Văn Quân', 'NAM', '1999-05-19', '123456789016', '45 Trần Phú, TP Rạch Giá, Kiên Giang', '0912345616', 'kh017@example.com', '2025-06-10'),
('KH018', 'Bùi Thị Quyên', 'NU', '2000-06-27', '123456789017', '78 Lý Thánh Tôn, TP Nha Trang, Khánh Hòa', '0912345617', 'kh018@example.com', '2025-06-10'),
('KH019', 'Nguyễn Văn Sinh', 'NAM', '1995-07-30', '123456789018', '92 Phan Bội Châu, TP Quy Nhơn, Bình Định', '0912345618', 'kh019@example.com', '2025-06-10'),
('KH020', 'Trần Thị Trang', 'NU', '1996-08-16', '123456789019', '21 Nguyễn Trãi, Ninh Kiều, Cần Thơ', '0912345619', 'kh020@example.com', '2025-06-10'),
('KH021', 'Mai Văn Thành', 'NAM', '1994-03-12', '123456789020', '105 Nguyễn Văn Cừ, TP Bắc Giang, Bắc Giang', '0912345620', 'kh021@example.com', '2025-06-10'),
('KH022', 'Tô Thị Hạnh', 'NU', '1995-04-22', '123456789021', '44 Hùng Vương, TP Việt Trì, Phú Thọ', '0912345621', 'kh022@example.com', '2025-06-10'),
('KH023', 'Phan Văn Hòa', 'NAM', '1996-05-18', '123456789022', '76 Quang Trung, TP Hà Tĩnh, Hà Tĩnh', '0912345622', 'kh023@example.com', '2025-06-10'),
('KH024', 'Đỗ Thị Nguyệt', 'NU', '1997-06-28', '123456789023', '12 Lý Thường Kiệt, TP Quảng Ngãi, Quảng Ngãi', '0912345623', 'kh024@example.com', '2025-06-10'),
('KH025', 'Vũ Văn Bảo', 'NAM', '1998-07-15', '123456789024', '90 Trần Hưng Đạo, TP Tam Kỳ, Quảng Nam', '0912345624', 'kh025@example.com', '2025-06-10'),
('KH026', 'Nguyễn Thị Nhàn', 'NU', '1999-08-20', '123456789025', '11 Nguyễn Văn Linh, TP Tuy Hòa, Phú Yên', '0912345625', 'kh026@example.com', '2025-06-10'),
('KH027', 'Trịnh Văn Đông', 'NAM', '2000-09-12', '123456789026', '33 Hai Bà Trưng, TP Pleiku, Gia Lai', '0912345626', 'kh027@example.com', '2025-06-10'),
('KH028', 'Hoàng Thị Huyền', 'NU', '1994-10-05', '123456789027', '22 Lê Lợi, TP Buôn Ma Thuột, Đắk Lắk', '0912345627', 'kh028@example.com', '2025-06-10'),
('KH029', 'Đặng Văn Tú', 'NAM', '1995-11-25', '123456789028', '108 Trường Chinh, TP Sơn La, Sơn La', '0912345628', 'kh029@example.com', '2025-06-10'),
('KH030', 'Lý Thị Mai', 'NU', '1996-12-30', '123456789029', '67 Điện Biên Phủ, TP Lai Châu, Lai Châu', '0912345629', 'kh030@example.com', '2025-06-10'),
('KH031', 'Hồ Văn Quang', 'NAM', '1993-01-17', '123456789030', '43 Nguyễn Du, TP Cao Bằng, Cao Bằng', '0912345630', 'kh031@example.com', '2025-06-10'),
('KH032', 'Cao Thị Hòa', 'NU', '1992-02-26', '123456789031', '27 Hòa Bình, TP Tuyên Quang, Tuyên Quang', '0912345631', 'kh032@example.com', '2025-06-10'),
('KH033', 'Bùi Văn Duy', 'NAM', '1991-03-21', '123456789032', '55 Nguyễn Trãi, TP Yên Bái, Yên Bái', '0912345632', 'kh033@example.com', '2025-06-10'),
('KH034', 'Nguyễn Thị Hằng', 'NU', '1990-04-14', '123456789033', '89 Nguyễn Lương Bằng, TP Lào Cai, Lào Cai', '0912345633', 'kh034@example.com', '2025-06-10'),
('KH035', 'Lê Văn Phát', 'NAM', '1995-05-30', '123456789034', '120 Lê Duẩn, TP Bắc Kạn, Bắc Kạn', '0912345634', 'kh035@example.com', '2025-06-10'),
('KH036', 'Trần Thị Kim', 'NU', '1996-06-09', '123456789035', '09 Nguyễn Huệ, TP Điện Biên Phủ, Điện Biên', '0912345635', 'kh036@example.com', '2025-06-10'),
('KH037', 'Phùng Văn Nhật', 'NAM', '1997-07-13', '123456789036', '18 Hùng Vương, TP Hà Giang, Hà Giang', '0912345636', 'kh037@example.com', '2025-06-10'),
('KH038', 'Tạ Thị Xuân', 'NU', '1998-08-22', '123456789037', '47 Nguyễn Thị Minh Khai, TP Kon Tum, Kon Tum', '0912345637', 'kh038@example.com', '2025-06-10'),
('KH039', 'Dương Văn Hiệp', 'NAM', '1999-09-01', '123456789038', '36 Lê Lợi, TP Trà Vinh, Trà Vinh', '0912345638', 'kh039@example.com', '2025-06-10'),
('KH040', 'Nguyễn Thị Yến', 'NU', '2000-10-19', '123456789039', '84 Phạm Hùng, TP Sóc Trăng, Sóc Trăng', '0912345639', 'kh040@example.com', '2025-06-10');

INSERT INTO "Chi_nhanh" ("id", "Ten_chi_nhanh", "Dia_chi", "SDT") VALUES
('CN001', 'Chi nhánh Hà Nội', 'Số 1 Tràng Tiền, Hoàn Kiếm, Hà Nội', '02412345601'),
('CN002', 'Chi nhánh TP.HCM', '35 Nguyễn Huệ, Quận 1, TP.HCM', '02812345602'),
('CN003', 'Chi nhánh Đà Nẵng', '12 Bạch Đằng, Hải Châu, Đà Nẵng', '023612345603'),
('CN004', 'Chi nhánh Hải Phòng', '9 Lạch Tray, Ngô Quyền, Hải Phòng', '022512345604'),
('CN005', 'Chi nhánh Cần Thơ', '21 Nguyễn Trãi, Ninh Kiều, Cần Thơ', '029212345605'),
('CN006', 'Chi nhánh Thừa Thiên Huế', '45 Lê Lợi, TP Huế, Thừa Thiên Huế', '023412345606'),
('CN007', 'Chi nhánh Bình Dương', '102 Đại lộ Bình Dương, Thủ Dầu Một, Bình Dương', '027412345607'),
('CN008', 'Chi nhánh Đồng Nai', '89 Phạm Văn Thuận, TP Biên Hòa, Đồng Nai', '025112345608'),
('CN009', 'Chi nhánh Nghệ An', '54 Quang Trung, TP Vinh, Nghệ An', '023812345609'),
('CN010', 'Chi nhánh Thanh Hóa', '17 Lê Lai, TP Thanh Hóa, Thanh Hóa', '023712345610'),
('CN011', 'Chi nhánh Quảng Ninh', '38 Trần Phú, TP Hạ Long, Quảng Ninh', '020312345611'),
('CN012', 'Chi nhánh Lâm Đồng', '61 Trần Phú, TP Đà Lạt, Lâm Đồng', '026312345612'),
('CN013', 'Chi nhánh Bắc Ninh', '19 Nguyễn Gia Thiều, TP Bắc Ninh', '022222345613'),
('CN014', 'Chi nhánh Nam Định', '10 Trần Hưng Đạo, TP Nam Định', '022836345614'),
('CN015', 'Chi nhánh Vĩnh Phúc', '66 Mê Linh, TP Vĩnh Yên, Vĩnh Phúc', '02112345615'),
('CN016', 'Chi nhánh Bà Rịa - Vũng Tàu', '31 Lê Hồng Phong, TP Vũng Tàu', '025435645616'),
('CN017', 'Chi nhánh An Giang', '27 Nguyễn Huệ, TP Long Xuyên, An Giang', '029638745617'),
('CN018', 'Chi nhánh Kiên Giang', '45 Trần Phú, TP Rạch Giá, Kiên Giang', '029738745618'),
('CN019', 'Chi nhánh Khánh Hòa', '78 Lý Thánh Tôn, TP Nha Trang, Khánh Hòa', '025835745619'),
('CN020', 'Chi nhánh Bình Định', '92 Phan Bội Châu, TP Quy Nhơn, Bình Định', '025635745620');

INSERT INTO "Loai_tai_khoan" (
    "id", 
    "Ten_loai_tai_khoan", 
    "Chuc_nang_chinh", 
    "Dieu_kien_mo_so", 
    "So_du_toi_thieu"
) VALUES
('LTK001', 'Tài khoản thanh toán', 
 'Dùng để thực hiện các giao dịch hàng ngày như chuyển tiền, rút tiền, thanh toán hóa đơn, quẹt thẻ...', 
 'Cá nhân đủ 18 tuổi, có CMND/CCCD hợp lệ', 
 50000.0),

('LTK002', 'Tài khoản tiết kiệm', 
 'Dùng để gửi tiết kiệm, sinh lãi định kỳ theo kỳ hạn; không dùng cho giao dịch hàng ngày.', 
 'Cá nhân đủ 18 tuổi, có CMND/CCCD hợp lệ; cần duy trì số dư tối thiểu để sinh lãi', 
 1000000.0);

INSERT INTO "Tai_khoan" ("id", "Ma_khach_hang", "Ma_loai_tai_khoan", "Ma_chi_nhanh", "Ngay_cap", "Trang_thai") VALUES
('TK001', 'KH001', 'LTK001', 'CN001', '2023-01-10', TRUE),
('TK002', 'KH002', 'LTK002', 'CN002', '2023-02-15', TRUE),
('TK003', 'KH003', 'LTK001', 'CN003', '2023-03-20', TRUE),
('TK004', 'KH004', 'LTK002', 'CN004', '2023-04-05', TRUE),
('TK005', 'KH005', 'LTK001', 'CN005', '2023-05-12', TRUE),
('TK006', 'KH006', 'LTK002', 'CN006', '2023-06-25', FALSE),
('TK007', 'KH007', 'LTK001', 'CN007', '2023-07-19', TRUE),
('TK008', 'KH008', 'LTK002', 'CN008', '2023-08-08', TRUE),
('TK009', 'KH009', 'LTK001', 'CN009', '2023-09-01', FALSE),
('TK010', 'KH010', 'LTK002', 'CN010', '2023-09-17', TRUE),
('TK011', 'KH011', 'LTK001', 'CN011', '2023-10-05', TRUE),
('TK012', 'KH012', 'LTK002', 'CN012', '2023-10-21', TRUE),
('TK013', 'KH013', 'LTK001', 'CN013', '2023-11-11', TRUE),
('TK014', 'KH014', 'LTK002', 'CN014', '2023-11-28', FALSE),
('TK015', 'KH015', 'LTK001', 'CN015', '2023-12-03', TRUE),
('TK016', 'KH016', 'LTK002', 'CN016', '2024-01-09', TRUE),
('TK017', 'KH017', 'LTK001', 'CN017', '2024-02-14', TRUE),
('TK018', 'KH018', 'LTK002', 'CN018', '2024-03-22', FALSE),
('TK019', 'KH019', 'LTK001', 'CN019', '2024-04-30', TRUE),
('TK020', 'KH020', 'LTK002', 'CN020', '2024-05-15', TRUE);

INSERT INTO "Chuyen_khoan" ("id", "Ma_tk_gui", "Ma_tk_nhan", "So_tien", "Thoi_gian", "Ghi_chu") VALUES
('CK001', 'TK001', 'TK002', 500000.0, '2023-01-15', 'Thanh toán tiền hàng'),
('CK002', 'TK003', 'TK004', 1000000.0, '2023-02-10', 'Chuyển tiền sinh nhật'),
('CK003', 'TK005', 'TK006', 200000.0, '2023-03-05', 'Mượn tạm tiền'),
('CK004', 'TK007', 'TK008', 750000.0, '2023-03-25', 'Gửi lại tiền mượn'),
('CK005', 'TK009', 'TK010', 1200000.0, '2023-04-01', 'Tiền đặt cọc thuê nhà'),
('CK006', 'TK011', 'TK012', 9999999.0, '2023-05-20', 'Đầu tư vào coin 😆'),
('CK007', 'TK013', 'TK014', 150000.0, '2023-06-15', 'Mua sách'),
('CK008', 'TK015', 'TK016', 2300000.0, '2023-07-01', 'Tiền góp team chơi game'),
('CK009', 'TK017', 'TK018', 800000.0, '2023-07-18', 'Trả nợ bạn gái 😢'),
('CK010', 'TK019', 'TK020', 340000.0, '2023-08-09', 'Mua phụ kiện Valorant'),
('CK011', 'TK002', 'TK001', 500000.0, '2023-09-10', 'Hoàn tiền'),
('CK012', 'TK004', 'TK003', 400000.0, '2023-10-05', 'Tiền học phí'),
('CK013', 'TK006', 'TK005', 250000.0, '2023-10-20', 'Chuyển khoản ăn uống'),
('CK014', 'TK008', 'TK007', 3000000.0, '2023-11-11', 'Tiền đầu tư nhỏ'),
('CK015', 'TK010', 'TK009', 1800000.0, '2023-12-01', 'Tiền quỹ lớp'),
('CK016', 'TK012', 'TK011', 670000.0, '2024-01-07', 'Tiền lì xì Tết'),
('CK017', 'TK014', 'TK013', 990000.0, '2024-02-14', 'Valentine ♥️'),
('CK018', 'TK016', 'TK015', 1234567.0, '2024-03-22', 'Trả góp điện thoại'),
('CK019', 'TK018', 'TK017', 888888.0, '2024-04-30', 'Tiền thắng kèo bóng đá'),
('CK020', 'TK020', 'TK019', 200000.0, '2024-05-15', 'Chuyển nhầm 😭');

INSERT INTO "Loai_tien_te" (
    "id", 
    "Ten_loai_tien_te", 
    "Ty_gia"
) VALUES
('TT001', 'VND - Việt Nam Đồng', 1.0),
('TT002', 'USD - Đô la Mỹ', 23500.0),
('TT003', 'EUR - Euro', 25600.0),
('TT004', 'JPY - Yên Nhật', 160.0),
('TT005', 'GBP - Bảng Anh', 29800.0),
('TT006', 'CNY - Nhân dân tệ', 3300.0);

INSERT INTO "Loai_tiet_kiem" (
    "id", 
    "Ten_loai_tiet_kiem", 
    "Lai_suat", 
    "Ky_han"
) VALUES
('LTQ001', 'Tiết kiệm không kỳ hạn', 0.5, 0),
('LTQ002', 'Tiết kiệm kỳ hạn 1 tháng', 4.5, 1),
('LTQ003', 'Tiết kiệm kỳ hạn 3 tháng', 5.0, 3),
('LTQ004', 'Tiết kiệm kỳ hạn 6 tháng', 5.5, 6),
('LTQ005', 'Tiết kiệm kỳ hạn 12 tháng', 6.0, 12),
('LTQ006', 'Tiết kiệm kỳ hạn 24 tháng', 6.5, 24);

INSERT INTO "So_tiet_kiem" (
    "id", 
    "Ma_tai_khoan", 
    "Ma_loai_tien_te", 
    "Ma_loai_tiet_kiem", 
    "Ngay_mo_so", 
    "Ngay_het_han", 
    "So_tien"
) VALUES
('STK001', 'TK002', 'TT001', 'LTQ002', '2023-02-20', '2023-03-20', 5000000),
('STK002', 'TK004', 'TT001', 'LTQ003', '2023-04-10', '2023-07-10', 10000000),
('STK003', 'TK006', 'TT001', 'LTQ004', '2023-06-30', '2023-12-30', 3000000),
('STK004', 'TK008', 'TT001', 'LTQ005', '2023-08-10', '2024-08-10', 8000000),
('STK005', 'TK010', 'TT001', 'LTQ003', '2023-09-20', '2023-12-20', 15000000),
('STK006', 'TK012', 'TT001', 'LTQ002', '2023-10-25', '2023-11-25', 4000000),
('STK007', 'TK014', 'TT001', 'LTQ006', '2023-12-01', '2025-12-01', 6000000),
('STK008', 'TK016', 'TT001', 'LTQ004', '2024-01-10', '2024-07-10', 2000000),
('STK009', 'TK018', 'TT001', 'LTQ005', '2024-03-25', '2025-03-25', 7000000),
('STK010', 'TK020', 'TT001', 'LTQ006', '2024-05-20', '2026-05-20', 12000000);

INSERT INTO "Phan_quyen" (id, "Ten_chuc_vu", "Ten_quyen", "Mo_ta") VALUES
('CV001', 'Giám đốc điều hành', 'admin', 'Quản lý toàn bộ hệ thống và nhân sự cấp cao.'),
('CV002', 'Trưởng phòng Kinh doanh', 'nhan_vien', 'Quản lý đội ngũ nhân viên kinh doanh, theo dõi doanh số.'),
('CV003', 'Nhân viên Kinh doanh', 'nhan_vien', 'Tư vấn và chăm sóc khách hàng, thực hiện bán hàng.'),
('CV004', 'Trưởng phòng Nhân sự', 'nhan_vien', 'Quản lý hồ sơ nhân sự và tuyển dụng.'),
('CV005', 'Nhân viên Nhân sự', 'nhan_vien', 'Xử lý hồ sơ nhân viên, hỗ trợ công tác hành chính.'),
('CV006', 'Trưởng phòng IT', 'admin', 'Quản lý hạ tầng kỹ thuật và hệ thống phần mềm.'),
('CV007', 'Kỹ sư phần mềm', 'nhan_vien', 'Phát triển và bảo trì hệ thống phần mềm.'),
('CV008', 'Nhân viên Hỗ trợ kỹ thuật', 'nhan_vien', 'Hỗ trợ người dùng và xử lý lỗi kỹ thuật.'),
('CV009', 'Trưởng phòng Tài chính', 'admin', 'Quản lý ngân sách, dòng tiền và báo cáo tài chính.'),
('CV010', 'Kế toán viên', 'nhan_vien', 'Theo dõi thu chi, lập báo cáo tài chính định kỳ.'),
('CV011', 'Khách hàng VIP', 'khach_hang', 'Khách hàng thân thiết với nhiều quyền lợi ưu đãi.'),
('CV012', 'Khách hàng thường', 'khach_hang', 'Khách hàng tiêu chuẩn sử dụng dịch vụ thông thường.'),
('CV013', 'Nhân viên Kho', 'nhan_vien', 'Quản lý nhập xuất kho và tồn kho hàng hóa.'),
('CV014', 'Quản lý Chi nhánh', 'admin', 'Quản lý toàn bộ hoạt động của một chi nhánh.'),
('CV015', 'Nhân viên Giao hàng', 'nhan_vien', 'Thực hiện việc vận chuyển và giao nhận hàng hóa.');

-- Thao tác với Tài khoản
INSERT INTO "Thao_tac" (id, "Ten_thao_tac") VALUES 
('TTK01', 'Mở tài khoản'),
('TTK02', 'Đóng tài khoản'),
('TTK03', 'Nạp tiền'),
('TTK04', 'Rút tiền'),
('TTK05', 'Chuyển tiền'),
('TTK06', 'Truy vấn số dư'),
('TTK07', 'Khóa tài khoản'),
('TTK08', 'Mở khóa tài khoản'),
('TTK09', 'Cập nhật thông tin'),
('TTK10', 'Xem lịch sử giao dịch');

-- Thao tác với Sổ tiết kiệm
INSERT INTO "Thao_tac" (id, "Ten_thao_tac") VALUES 
('STK01', 'Mở sổ tiết kiệm'),
('STK02', 'Gửi tiết kiệm'),
('STK03', 'Rút tiết kiệm'),
('STK04', 'Gia hạn sổ tiết kiệm'),
('STK05', 'Tất toán sổ'),
('STK06', 'Tính lãi suất'),
('STK07', 'Chuyển đổi kỳ hạn'),
('STK08', 'Xem thông tin sổ'),
('STK09', 'Cập nhật kỳ hạn'),
('STK10', 'Chuyển sổ sang người khác');


INSERT INTO "Nhan_vien" (id, "Ho_va_ten", "Gioi_tinh", "Ngay_sinh", "CCCD", "Dia_chi", "SDT", "Email", "Ngay_cap_nhat", "Ma_chuc_vu", "Ma_chi_nhanh") VALUES
('NV001', 'Nguyễn Văn An', 'NAM', '1990-01-15', '001234567890', 'Số 15, Đường Láng, Phường Láng Thượng, Quận Đống Đa, Hà Nội', '0912345678', 'an.nguyen@example.com', '2025-06-01', 'CV001', 'CN001'),
('NV002', 'Trần Thị Bích', 'NU', '1992-03-22', '001234567891', '23 Nguyễn Trãi, Phường Bến Thành, Quận 1, TP. Hồ Chí Minh', '0923456789', 'bich.tran@example.com', '2025-06-01', 'CV001', 'CN002'),
('NV003', 'Lê Văn Cường', 'NAM', '1988-07-30', '001234567892', '12 Lý Thường Kiệt, Phường Hải Châu 1, Quận Hải Châu, Đà Nẵng', '0934567890', 'cuong.le@example.com', '2025-06-01', 'CV002', 'CN003'),
('NV004', 'Phạm Thị Dung', 'NU', '1995-11-10', '001234567893', '45 Nguyễn Trãi, Phường Cái Khế, Quận Ninh Kiều, Cần Thơ', '0945678901', 'dung.pham@example.com', '2025-06-01', 'CV001', 'CN005'),
('NV005', 'Hoàng Văn Đức', 'NAM', '1993-04-25', '001234567894', 'Số 3, Đường Lê Lợi, Phường Vĩnh Ninh, TP. Huế', '0956789012', 'duc.hoang@example.com', '2025-06-01', 'CV001', 'CN006'),
('NV006', 'Ngô Thị Hoa', 'NU', '1990-06-12', '001234567895', '89 Đại lộ Bình Dương, Phường Hiệp Thành, TP. Thủ Dầu Một, Bình Dương', '0967890123', 'hoa.ngo@example.com', '2025-06-01', 'CV001', 'CN007'),
('NV007', 'Đặng Văn Hưng', 'NAM', '1987-08-17', '001234567896', 'Số 6, Phường Ninh Xá, TP. Bắc Ninh, Tỉnh Bắc Ninh', '0978901234', 'hung.dang@example.com', '2025-06-01', 'CV002', 'CN013'),
('NV008', 'Đỗ Thị Hạnh', 'NU', '1991-10-05', '001234567897', 'Thị trấn Lâm, Huyện Ý Yên, Tỉnh Nam Định', '0989012345', 'hanh.do@example.com', '2025-06-01', 'CV001', 'CN014'),
('NV009', 'Trịnh Văn Hòa', 'NAM', '1989-09-09', '001234567898', '98 Lạch Tray, Phường Lạch Tray, Quận Ngô Quyền, Hải Phòng', '0990123456', 'hoa.trinh@example.com', '2025-06-01', 'CV003', 'CN004'),
('NV010', 'Nguyễn Thị Lan', 'NU', '1996-12-01', '001234567899', 'Phường Hưng Dũng, TP. Vinh, Tỉnh Nghệ An', '0901234567', 'lan.nguyen@example.com', '2025-06-01', 'CV001', 'CN009'),
('NV011', 'Bùi Văn Khánh', 'NAM', '1990-03-03', '001234567800', 'Phường 7, TP. Tuy Hòa, Tỉnh Phú Yên', '0911123456', 'khanh.bui@example.com', '2025-06-01', 'CV001', 'CN001'), 
('NV012', 'Vũ Thị Lệ', 'NU', '1993-05-20', '001234567801', 'Xã Vĩnh Mỹ B, Huyện Hòa Bình, Tỉnh Bạc Liêu', '0922123456', 'le.vu@example.com', '2025-06-01', 'CV001', 'CN005'),
('NV013', 'Nguyễn Văn Minh', 'NAM', '1985-02-14', '001234567802', 'Phường Nghĩa Chánh, TP. Quảng Ngãi, Tỉnh Quảng Ngãi', '0933123456', 'minh.nguyen@example.com', '2025-06-01', 'CV001', 'CN001'),
('NV014', 'Hồ Thị Ngọc', 'NU', '1994-07-07', '001234567803', 'Đường Trần Phú, Phường Vĩnh Hòa, TP. Nha Trang, Tỉnh Khánh Hòa', '0944123456', 'ngoc.ho@example.com', '2025-06-01', 'CV002', 'CN019'),
('NV015', 'Phan Văn Quốc', 'NAM', '1992-06-09', '001234567804', 'Phường Tân Bình, Thị xã Đồng Xoài, Tỉnh Bình Phước', '0955123456', 'quoc.phan@example.com', '2025-06-01', 'CV001', 'CN007'), 
('NV016', 'Lý Thị Phượng', 'NU', '1995-01-30', '001234567805', 'Thị trấn Ân Thi, Huyện Ân Thi, Tỉnh Hưng Yên', '0966123456', 'phuong.ly@example.com', '2025-06-01', 'CV001', 'CN001'),
('NV017', 'Tô Văn Quang', 'NAM', '1986-10-22', '001234567806', 'Phường Cốc Lếu, TP. Lào Cai, Tỉnh Lào Cai', '0977123456', 'quang.to@example.com', '2025-06-01', 'CV003', 'CN001'),
('NV018', 'Đoàn Thị Quỳnh', 'NU', '1990-08-18', '001234567807', 'Phường Phan Thiết, TP. Tuyên Quang, Tỉnh Tuyên Quang', '0988123456', 'quynh.doan@example.com', '2025-06-01', 'CV001', 'CN001'),
('NV019', 'Nguyễn Văn Sinh', 'NAM', '1988-09-29', '001234567808', 'Phường 6, TP. Tân An, Tỉnh Long An', '0999123456', 'sinh.nguyen@example.com', '2025-06-01', 'CV002', 'CN002'), 
('NV020', 'Trần Thị Thảo', 'NU', '1997-11-11', '001234567809', 'Phường 9, TP. Đà Lạt, Tỉnh Lâm Đồng', '0909123456', 'thao.tran@example.com', '2025-06-01', 'CV001', 'CN012');

INSERT INTO "Dang_nhap" (id, "Ten_dang_nhap", "Mat_khau") VALUES
('NV001', 'nguyenvana', '$2b$12$JBYQU93Gik7pwXPRTND.jOGXS1nqsnTlORK/FVAgIAg48b9VhDme6'),
('NV002', 'tranthib', '$2b$12$3WA0oM7Om/6VaifzmtjvMu2qTTemBifxIK9cf9MWrJ71TZflLuMUm'),
('NV003', 'levanc', '$2b$12$3WA0oM7Om/6VaifzmtjvMu2qTTemBifxIK9cf9MWrJ71TZflLuMUm'),
('NV004', 'phamthid', '$2b$12$3WA0oM7Om/6VaifzmtjvMu2qTTemBifxIK9cf9MWrJ71TZflLuMUm'),
('NV005', 'ngovane', '$2b$12$3WA0oM7Om/6VaifzmtjvMu2qTTemBifxIK9cf9MWrJ71TZflLuMUm'),
('NV006', 'dangthif', '$2b$12$3WA0oM7Om/6VaifzmtjvMu2qTTemBifxIK9cf9MWrJ71TZflLuMUm'),
('NV007', 'hoangvang', '$2b$12$3WA0oM7Om/6VaifzmtjvMu2qTTemBifxIK9cf9MWrJ71TZflLuMUm'),
('NV008', 'vothih', '$2b$12$3WA0oM7Om/6VaifzmtjvMu2qTTemBifxIK9cf9MWrJ71TZflLuMUm'),
('NV009', 'buivani', '$2b$12$3WA0oM7Om/6VaifzmtjvMu2qTTemBifxIK9cf9MWrJ71TZflLuMUm'),
('NV010', 'nguyenthij', '$2b$12$3WA0oM7Om/6VaifzmtjvMu2qTTemBifxIK9cf9MWrJ71TZflLuMUm'),
('NV011', 'tranvank', '$2b$12$3WA0oM7Om/6VaifzmtjvMu2qTTemBifxIK9cf9MWrJ71TZflLuMUm'),
('NV012', 'lethil', '$2b$12$3WA0oM7Om/6VaifzmtjvMu2qTTemBifxIK9cf9MWrJ71TZflLuMUm'),
('NV013', 'phamvanm', '$2b$12$3WA0oM7Om/6VaifzmtjvMu2qTTemBifxIK9cf9MWrJ71TZflLuMUm'),
('NV014', 'ngothin', '$2b$12$3WA0oM7Om/6VaifzmtjvMu2qTTemBifxIK9cf9MWrJ71TZflLuMUm'),
('NV015', 'dangvano', '$2b$12$3WA0oM7Om/6VaifzmtjvMu2qTTemBifxIK9cf9MWrJ71TZflLuMUm'),
('NV016', 'hoangthip', '$2b$12$3WA0oM7Om/6VaifzmtjvMu2qTTemBifxIK9cf9MWrJ71TZflLuMUm'),
('NV017', 'vovanq', '$2b$12$3WA0oM7Om/6VaifzmtjvMu2qTTemBifxIK9cf9MWrJ71TZflLuMUm'),
('NV018', 'buithir', '$2b$12$3WA0oM7Om/6VaifzmtjvMu2qTTemBifxIK9cf9MWrJ71TZflLuMUm'),
('NV019', 'nguyenvans', '$2b$12$3WA0oM7Om/6VaifzmtjvMu2qTTemBifxIK9cf9MWrJ71TZflLuMUm'),
('NV020', 'tranthit', '$2b$12$3WA0oM7Om/6VaifzmtjvMu2qTTemBifxIK9cf9MWrJ71TZflLuMUm');


INSERT INTO "Thao_tac_so_tiet_kiem" (id, "Ma_so_tiet_kiem", "Ma_nhan_vien", "Ma_thao_tac", "Ma_khach_hang", "Ngay_thuc_hien", "Ghi_chu") VALUES
('TSK001', 'STK001', 'NV001', 'STK01', 'KH001', '2025-01-10 09:15:00', 'Mở sổ lần đầu cho khách hàng mới'),
('TSK002', 'STK002', 'NV002', 'STK02', 'KH002', '2025-01-15 10:30:00', 'Khách gửi 20 triệu'),
('TSK003', 'STK003', 'NV003', 'STK03', 'KH003', '2025-01-20 14:00:00', 'Rút trước hạn'),
('TSK004', 'STK004', 'NV004', 'STK04', 'KH004', '2025-02-01 11:00:00', 'Gia hạn thêm 6 tháng'),
('TSK005', 'STK005', 'NV001', 'STK05', 'KH005', '2025-02-05 16:45:00', 'Tất toán đúng hạn'),
('TSK006', 'STK001', 'NV002', 'STK06', 'KH001', '2025-02-10 09:00:00', 'Tính lãi suất định kỳ'),
('TSK007', 'STK002', 'NV003', 'STK07', 'KH002', '2025-02-15 13:20:00', 'Chuyển đổi kỳ hạn từ 3 tháng sang 6 tháng'),
('TSK008', 'STK003', 'NV004', 'STK08', 'KH003', '2025-02-20 15:30:00', 'Xem thông tin sổ'),
('TSK009', 'STK004', 'NV001', 'STK09', 'KH004', '2025-03-01 08:45:00', 'Cập nhật kỳ hạn do khách yêu cầu'),
('TSK010', 'STK005', 'NV002', 'STK10', 'KH005', '2025-03-10 10:10:00', 'Chuyển sổ cho con trai khách'),
('TSK011', 'STK001', 'NV003', 'STK02', 'KH001', '2025-03-15 09:30:00', 'Gửi thêm 10 triệu'),
('TSK012', 'STK002', 'NV004', 'STK03', 'KH002', '2025-03-20 14:40:00', 'Rút 5 triệu'),
('TSK013', 'STK003', 'NV001', 'STK04', 'KH003', '2025-04-01 12:00:00', 'Gia hạn online'),
('TSK014', 'STK004', 'NV002', 'STK05', 'KH004', '2025-04-10 15:10:00', 'Tất toán để đầu tư bất động sản'),
('TSK015', 'STK005', 'NV003', 'STK06', 'KH005', '2025-04-15 11:25:00', 'Tính lãi tự động qua hệ thống'),
('TSK016', 'STK001', 'NV004', 'STK07', 'KH001', '2025-04-20 16:35:00', 'Chuyển kỳ hạn ngắn hơn'),
('TSK017', 'STK002', 'NV001', 'STK08', 'KH002', '2025-05-01 09:05:00', 'Xem thông tin để in sổ'),
('TSK018', 'STK003', 'NV002', 'STK09', 'KH003', '2025-05-10 10:50:00', 'Thay đổi kỳ hạn theo chương trình mới'),
('TSK019', 'STK004', 'NV003', 'STK10', 'KH004', '2025-05-20 13:00:00', 'Chuyển sổ cho vợ đứng tên'),
('TSK020', 'STK005', 'NV004', 'STK01', 'KH005', '2025-06-01 14:20:00', 'Mở sổ mới sau tất toán');

INSERT INTO "Thao_tac_tai_khoan" (id, "Ma_nhan_vien", "Ma_tai_khoan", "Ma_thao_tac", "Ngay_thuc_hien", "Ghi_chu") VALUES
('TTKH001', 'NV001', 'TK001', 'TTK01', '2025-01-05 09:00:00', 'Mở tài khoản mới cho KH001'),
('TTKH002', 'NV002', 'TK002', 'TTK03', '2025-01-10 10:30:00', 'Nạp 10 triệu tiền mặt'),
('TTKH003', 'NV003', 'TK003', 'TTK04', '2025-01-15 14:45:00', 'Rút 2 triệu tại quầy'),
('TTKH004', 'NV004', 'TK004', 'TTK05', '2025-01-20 16:00:00', 'Chuyển 5 triệu đến TK005'),
('TTKH005', 'NV001', 'TK005', 'TTK02', '2025-01-25 11:20:00', 'Đóng tài khoản do KH yêu cầu'),
('TTKH006', 'NV002', 'TK001', 'TTK06', '2025-02-01 08:10:00', 'Truy vấn số dư cuối tháng'),
('TTKH007', 'NV003', 'TK002', 'TTK07', '2025-02-05 15:30:00', 'Khóa tài khoản nghi ngờ gian lận'),
('TTKH008', 'NV004', 'TK003', 'TTK08', '2025-02-10 13:00:00', 'Mở khóa tài khoản sau khi xác minh'),
('TTKH009', 'NV001', 'TK004', 'TTK09', '2025-02-15 09:45:00', 'Cập nhật số điện thoại mới'),
('TTKH010', 'NV002', 'TK005', 'TTK10', '2025-02-20 14:20:00', 'In lịch sử giao dịch cho khách'),

('TTKH011', 'NV003', 'TK001', 'TTK03', '2025-03-01 11:30:00', 'Nạp từ ATM'),
('TTKH012', 'NV004', 'TK002', 'TTK04', '2025-03-05 10:15:00', 'Rút tại cây ATM BIDV'),
('TTKH013', 'NV001', 'TK003', 'TTK05', '2025-03-10 12:00:00', 'Chuyển khoản online qua app'),
('TTKH014', 'NV002', 'TK004', 'TTK01', '2025-03-15 15:40:00', 'Mở tài khoản phụ'),
('TTKH015', 'NV003', 'TK005', 'TTK07', '2025-03-20 17:00:00', 'Khóa tài khoản theo yêu cầu KH'),
('TTKH016', 'NV004', 'TK001', 'TTK08', '2025-04-01 08:30:00', 'Mở khóa sau 3 ngày'),
('TTKH017', 'NV001', 'TK002', 'TTK06', '2025-04-05 13:10:00', 'Truy vấn số dư kỳ hạn'),
('TTKH018', 'NV002', 'TK003', 'TTK09', '2025-04-10 16:25:00', 'Cập nhật địa chỉ email'),
('TTKH019', 'NV003', 'TK004', 'TTK10', '2025-04-15 09:50:00', 'Gửi lịch sử giao dịch qua email'),
('TTKH020', 'NV004', 'TK005', 'TTK02', '2025-05-01 10:05:00', 'Đóng tài khoản không hoạt động');